{
  "species": "cobblemon:magikarp",
  "order": 2,
  "variations": [
    {
      "aspects": ["jump-skelly"],
      "texture": "cobblemon:textures/pokemon/0129_magikarp/magikarp_skelly.png"
    },
	{
      "aspects": ["jump-skelly", "shiny"],
      "texture": "cobblemon:textures/pokemon/0129_magikarp/magikarp_skelly_shiny.png"
    },
	{
      "aspects": ["jump-calico-1"],
      "texture": "cobblemon:textures/pokemon/0129_magikarp/magikarp_calico_1.png"
    },
	{
      "aspects": ["jump-calico-1", "shiny"],
      "texture": "cobblemon:textures/pokemon/0129_magikarp/magikarp_calico_1_shiny.png"
    },
	{
      "aspects": ["jump-calico-2"],
      "texture": "cobblemon:textures/pokemon/0129_magikarp/magikarp_calico_2.png"
    },
	{
      "aspects": ["jump-calico-2", "shiny"],
      "texture": "cobblemon:textures/pokemon/0129_magikarp/magikarp_calico_2_shiny.png"
    },
	{
      "aspects": ["jump-calico-3"],
      "texture": "cobblemon:textures/pokemon/0129_magikarp/magikarp_calico_3.png"
    },
	{
      "aspects": ["jump-calico-3", "shiny"],
      "texture": "cobblemon:textures/pokemon/0129_magikarp/magikarp_calico_3_shiny.png"
    },
	{
      "aspects": ["jump-calico-4"],
      "texture": "cobblemon:textures/pokemon/0129_magikarp/magikarp_calico_4.png"
    },
	{
      "aspects": ["jump-calico-4", "shiny"],
      "texture": "cobblemon:textures/pokemon/0129_magikarp/magikarp_calico_4_shiny.png"
    },
	{
      "aspects": ["jump-two-tone"],
      "texture": "cobblemon:textures/pokemon/0129_magikarp/magikarp_two_tone.png"
    },
	{
      "aspects": ["jump-two-tone", "shiny"],
      "texture": "cobblemon:textures/pokemon/0129_magikarp/magikarp_two_tone_shiny.png"
    },
	{
      "aspects": ["jump-orca"],
      "texture": "cobblemon:textures/pokemon/0129_magikarp/magikarp_orca.png"
    },
	{
      "aspects": ["jump-orca", "shiny"],
      "texture": "cobblemon:textures/pokemon/0129_magikarp/magikarp_orca_shiny.png"
    },
	{
      "aspects": ["jump-dapples"],
      "texture": "cobblemon:textures/pokemon/0129_magikarp/magikarp_dapples.png"
    },
	{
      "aspects": ["jump-dapples", "shiny"],
      "texture": "cobblemon:textures/pokemon/0129_magikarp/magikarp_dapples_shiny.png"
    },
	{
      "aspects": ["jump-pink-two-tone"],
      "texture": "cobblemon:textures/pokemon/0129_magikarp/magikarp_pink_two_tone.png"
    },
	{
      "aspects": ["jump-pink-two-tone", "shiny"],
      "texture": "cobblemon:textures/pokemon/0129_magikarp/magikarp_pink_two_tone_shiny.png"
    },
	{
      "aspects": ["jump-pink-orca"],
      "texture": "cobblemon:textures/pokemon/0129_magikarp/magikarp_pink_orca.png"
    },
	{
      "aspects": ["jump-pink-orca", "shiny"],
      "texture": "cobblemon:textures/pokemon/0129_magikarp/magikarp_pink_orca_shiny.png"
    },
	{
      "aspects": ["jump-pink-dapples"],
      "texture": "cobblemon:textures/pokemon/0129_magikarp/magikarp_pink_dapples.png"
    },
	{
      "aspects": ["jump-pink-dapples", "shiny"],
      "texture": "cobblemon:textures/pokemon/0129_magikarp/magikarp_pink_dapples_shiny.png"
    },
	{
      "aspects": ["jump-gray-bubbles"],
      "texture": "cobblemon:textures/pokemon/0129_magikarp/magikarp_gray_bubbles.png"
    },
	{
      "aspects": ["jump-gray-bubbles", "shiny"],
      "texture": "cobblemon:textures/pokemon/0129_magikarp/magikarp_gray_bubbles_shiny.png"
    },
	{
      "aspects": ["jump-gray-diamonds"],
      "texture": "cobblemon:textures/pokemon/0129_magikarp/magikarp_gray_diamonds.png"
    },
	{
      "aspects": ["jump-gray-diamonds", "shiny"],
      "texture": "cobblemon:textures/pokemon/0129_magikarp/magikarp_gray_diamonds_shiny.png"
    },
	{
      "aspects": ["jump-gray-patches"],
      "texture": "cobblemon:textures/pokemon/0129_magikarp/magikarp_gray_patches.png"
    },
	{
      "aspects": ["jump-gray-patches", "shiny"],
      "texture": "cobblemon:textures/pokemon/0129_magikarp/magikarp_gray_patches_shiny.png"
    },
	{
      "aspects": ["jump-purple-bubbles"],
      "texture": "cobblemon:textures/pokemon/0129_magikarp/magikarp_purple_bubbles.png"
    },
	{
      "aspects": ["jump-purple-bubbles", "shiny"],
      "texture": "cobblemon:textures/pokemon/0129_magikarp/magikarp_purple_bubbles_shiny.png"
    },
	{
      "aspects": ["jump-purple-diamonds"],
      "texture": "cobblemon:textures/pokemon/0129_magikarp/magikarp_purple_diamonds.png"
    },
	{
      "aspects": ["jump-purple-diamonds", "shiny"],
      "texture": "cobblemon:textures/pokemon/0129_magikarp/magikarp_purple_diamonds_shiny.png"
    },
	{
      "aspects": ["jump-purple-patches"],
      "texture": "cobblemon:textures/pokemon/0129_magikarp/magikarp_purple_patches.png"
    },
	{
      "aspects": ["jump-purple-patches", "shiny"],
      "texture": "cobblemon:textures/pokemon/0129_magikarp/magikarp_purple_patches_shiny.png"
    },
	{
      "aspects": ["jump-apricot-tiger"],
      "texture": "cobblemon:textures/pokemon/0129_magikarp/magikarp_apricot_tiger.png"
    },
	{
      "aspects": ["jump-apricot-tiger", "shiny"],
      "texture": "cobblemon:textures/pokemon/0129_magikarp/magikarp_apricot_tiger_shiny.png"
    },
	{
      "aspects": ["jump-apricot-zebra"],
      "texture": "cobblemon:textures/pokemon/0129_magikarp/magikarp_apricot_zebra.png"
    },
	{
      "aspects": ["jump-apricot-zebra", "shiny"],
      "texture": "cobblemon:textures/pokemon/0129_magikarp/magikarp_apricot_zebra_shiny.png"
    },
	{
      "aspects": ["jump-apricot-stripes"],
      "texture": "cobblemon:textures/pokemon/0129_magikarp/magikarp_apricot_stripes.png"
    },
	{
      "aspects": ["jump-apricot-stripes", "shiny"],
      "texture": "cobblemon:textures/pokemon/0129_magikarp/magikarp_apricot_stripes_shiny.png"
    },
	{
      "aspects": ["jump-brown-tiger"],
      "texture": "cobblemon:textures/pokemon/0129_magikarp/magikarp_brown_tiger.png"
    },
	{
      "aspects": ["jump-brown-tiger", "shiny"],
      "texture": "cobblemon:textures/pokemon/0129_magikarp/magikarp_brown_tiger_shiny.png"
    },
	{
      "aspects": ["jump-brown-zebra"],
      "texture": "cobblemon:textures/pokemon/0129_magikarp/magikarp_brown_zebra.png"
    },
	{
      "aspects": ["jump-brown-zebra", "shiny"],
      "texture": "cobblemon:textures/pokemon/0129_magikarp/magikarp_brown_zebra_shiny.png"
    },
	{
      "aspects": ["jump-brown-stripes"],
      "texture": "cobblemon:textures/pokemon/0129_magikarp/magikarp_brown_stripes.png"
    },
	{
      "aspects": ["jump-brown-stripes", "shiny"],
      "texture": "cobblemon:textures/pokemon/0129_magikarp/magikarp_brown_stripes_shiny.png"
    },
	{
      "aspects": ["jump-orange-forehead"],
      "texture": "cobblemon:textures/pokemon/0129_magikarp/magikarp_orange_forehead.png"
    },
	{
      "aspects": ["jump-orange-forehead", "shiny"],
      "texture": "cobblemon:textures/pokemon/0129_magikarp/magikarp_orange_forehead_shiny.png"
    },
	{
      "aspects": ["jump-orange-mask"],
      "texture": "cobblemon:textures/pokemon/0129_magikarp/magikarp_orange_masked.png"
    },
	{
      "aspects": ["jump-orange-mask", "shiny"],
      "texture": "cobblemon:textures/pokemon/0129_magikarp/magikarp_orange_masked_shiny.png"
    },
	{
      "aspects": ["jump-black-forehead"],
      "texture": "cobblemon:textures/pokemon/0129_magikarp/magikarp_black_forehead.png"
    },
	{
      "aspects": ["jump-black-forehead", "shiny"],
      "texture": "cobblemon:textures/pokemon/0129_magikarp/magikarp_black_forehead_shiny.png"
    },
	{
      "aspects": ["jump-black-mask"],
      "texture": "cobblemon:textures/pokemon/0129_magikarp/magikarp_black_masked.png"
    },
	{
      "aspects": ["jump-black-mask", "shiny"],
      "texture": "cobblemon:textures/pokemon/0129_magikarp/magikarp_black_masked_shiny.png"
    },
	{
      "aspects": ["jump-blue-saucy"],
      "texture": "cobblemon:textures/pokemon/0129_magikarp/magikarp_blue_saucy.png"
    },
	{
      "aspects": ["jump-blue-saucy", "shiny"],
      "texture": "cobblemon:textures/pokemon/0129_magikarp/magikarp_blue_saucy_shiny.png"
    },
	{
      "aspects": ["jump-blue-raindrops"],
      "texture": "cobblemon:textures/pokemon/0129_magikarp/magikarp_blue_raindrops.png"
    },
	{
      "aspects": ["jump-blue-raindrops", "shiny"],
      "texture": "cobblemon:textures/pokemon/0129_magikarp/magikarp_blue_raindrops_shiny.png"
    },
	{
      "aspects": ["jump-violet-saucy"],
      "texture": "cobblemon:textures/pokemon/0129_magikarp/magikarp_violet_saucy.png"
    },
	{
      "aspects": ["jump-violet-saucy", "shiny"],
      "texture": "cobblemon:textures/pokemon/0129_magikarp/magikarp_violet_saucy_shiny.png"
    },
	{
      "aspects": ["jump-violet-raindrops"],
      "texture": "cobblemon:textures/pokemon/0129_magikarp/magikarp_violet_raindrops.png"
    },
	{
      "aspects": ["jump-violet-raindrops", "shiny"],
      "texture": "cobblemon:textures/pokemon/0129_magikarp/magikarp_violet_raindrops_shiny.png"
    }
  ]
}